Date,IVV_Close,BND_Close,IBIT_Close,MO_Close,JNJ_Close,AWK_Close,CB_Close
2024-02-01,478.863525390625,68.09425354003906,24.540000915527344,35.85044479370117,148.15353393554688,118.70706176757812,239.45050048828125
2024-02-02,483.8017883300781,67.48411560058594,24.5,35.54109573364258,146.51632690429688,116.92512512207031,241.1514434814453
2024-02-05,482.1849670410156,66.94795989990234,24.190000534057617,34.819271087646484,145.75851440429688,115.18111419677734,243.65394592285156
2024-02-06,483.4901123046875,67.26226806640625,24.600000381469727,34.88801574707031,147.8728790283203,116.12893676757812,242.1094207763672
2024-02-07,487.41534423828125,67.13284301757812,25.219999313354492,34.59585189819336,147.7980194091797,116.260498046875,241.34695434570312
2024-02-08,487.7367858886719,66.95718383789062,26.030000686645508,34.449764251708984,146.31983947753906,116.14611053466797,238.85418701171875
2024-02-09,490.5614013671875,66.90174102783203,27.149999618530273,34.466957092285156,146.6566619873047,116.49883270263672,241.65975952148438
2024-02-12,490.2984619140625,66.92021942138672,28.65999984741211,34.84504699707031,147.67640686035156,117.87165832519531,242.44180297851562
2024-02-13,483.714111328125,66.33782958984375,28.219999313354492,34.570068359375,146.38534545898438,114.19173431396484,241.2785186767578
2024-02-14,488.0290222167969,66.58741760253906,29.549999237060547,34.716148376464844,145.70240783691406,114.85909271240234,242.54933166503906
2024-02-15,491.24322509765625,66.77230834960938,29.520000457763672,34.51850891113281,147.74188232421875,118.4627456665039,245.42330932617188
2024-02-16,488.9056091308594,66.5596694946289,29.6200008392334,34.52710723876953,147.5722198486328,117.08991241455078,245.26690673828125
2024-02-20,486.1881103515625,66.64286041259766,29.670000076293945,34.58725357055664,148.80709838867188,115.50736236572266,244.88565063476562
2024-02-21,486.62640380859375,66.45799255371094,29.079999923706055,34.776309967041016,149.58006286621094,116.05077362060547,246.30311584472656
2024-02-22,496.79510498046875,66.4857177734375,29.719999313354492,35.14581298828125,151.24856567382812,114.0964126586914,249.7050018310547
2024-02-23,497.07757568359375,66.72608184814453,29.15999984741211,35.343448638916016,152.558837890625,113.41000366210938,250.26220703125
2024-02-26,495.20745849609375,66.60591888427734,31.1200008392334,34.982540130615234,151.5690460205078,111.95138549804688,249.11846923828125
2024-02-27,496.0841064453125,66.50421142578125,32.59000015258789,35.14581298828125,151.7481689453125,112.52339172363281,249.1477813720703
2024-02-28,495.460693359375,66.6521224975586,34.45000076293945,35.223148345947266,152.28549194335938,112.40899658203125,247.88674926757812
2024-02-29,497.1846923828125,66.76305389404297,35.41999816894531,35.15439987182617,152.12522888183594,113.00960540771484,246.01963806152344
2024-03-01,501.9963684082031,67.04302978515625,35.9900016784668,35.1114387512207,152.82278442382812,114.0964126586914,244.99317932128906
2024-03-04,501.4022521972656,66.88541412353516,38.650001525878906,34.140411376953125,150.6735382080078,116.02217864990234,242.68618774414062
2024-03-05,496.33734130859375,67.24698638916016,35.31999969482422,34.320865631103516,150.79608154296875,113.69600677490234,243.761474609375
2024-03-06,499.025634765625,67.36746978759766,38.290000915527344,35.618431091308594,150.2021942138672,114.69700622558594,244.92477416992188
2024-03-07,503.9832763671875,67.4787368774414,38.630001068115234,35.70436096191406,149.7591552734375,113.07633209228516,243.23361206054688
2024-03-08,500.9248962402344,67.54363250732422,39.54999923706055,35.979339599609375,150.37191772460938,112.91426086425781,243.22384643554688
2024-03-11,500.6813659667969,67.51583099365234,41.119998931884766,36.675384521484375,151.9838409423828,114.7160873413086,249.27488708496094
2024-03-12,505.90216064453125,67.31185913085938,40.72999954223633,36.99332046508789,153.4072265625,113.61974334716797,251.96311950683594
2024-03-13,505.0937194824219,67.20062255859375,41.95000076293945,37.2511100769043,151.8612823486328,114.91629791259766,254.36785888671875
2024-03-14,503.99310302734375,66.80198669433594,39.5099983215332,38.05027389526367,150.07968139648438,112.95240020751953,252.6809539794922
2024-03-15,499.8924865722656,66.76490020751953,39.38999938964844,37.697959899902344,149.1087188720703,111.6749038696289,251.36666870117188
2024-03-18,503.4183044433594,66.68147277832031,38.13999938964844,38.24791717529297,147.77017211914062,111.7607192993164,252.69078063964844
2024-03-19,506.3307189941406,66.85762023925781,36.70000076293945,38.35103988647461,147.25172424316406,112.49478149414062,253.51461791992188
2024-03-20,511.0351867675781,66.9781265258789,37.54999923706055,38.488525390625,146.8275146484375,112.58058166503906,253.54405212402344
2024-03-21,512.6131591796875,67.03373718261719,37.150001525878906,38.626014709472656,146.81808471679688,112.69498443603516,251.38629150390625
2024-03-22,511.9291687011719,67.25626373291016,36.40999984741211,37.75634002685547,146.32789611816406,112.25645446777344,250.60165405273438
2024-03-25,510.3267822265625,67.12645721435547,40.54999923706055,38.00231170654297,146.31849670410156,111.6749038696289,250.69973754882812
2024-03-26,509.2519226074219,67.18209075927734,39.630001068115234,37.87932586669922,146.8369598388672,112.34225463867188,251.1606903076172
2024-03-27,513.6881103515625,67.41384887695312,39.130001068115234,38.353694915771484,148.9013671875,115.83149719238281,253.5342254638672
2024-03-28,513.69775390625,67.33040618896484,40.470001220703125,38.31855392456055,149.11817932128906,116.50836944580078,254.15213012695312
2024-04-01,512.8673095703125,66.87107849121094,39.75,37.96717071533203,148.73167419433594,114.6874771118164,252.45535278320312
2024-04-02,509.5157165527344,66.79669189453125,37.599998474121094,37.7124137878418,148.68453979492188,113.98199462890625,251.4156951904297
2024-04-03,510.08245849609375,66.84319305419922,37.540000915527344,37.0008544921875,145.4135284423828,113.38140869140625,249.89549255371094
2024-04-04,503.8094177246094,66.98265838623047,39.08000183105469,36.48256301879883,143.75445556640625,114.76375579833984,247.38467407226562
2024-04-05,509.0663146972656,66.64793395996094,38.40999984741211,36.58798599243164,143.65078735351562,112.99052429199219,248.0417938232422
2024-04-08,509.2030944824219,66.5921401977539,40.95000076293945,36.86030578613281,142.8966522216797,114.42053985595703,248.29681396484375
2024-04-09,509.8381652832031,66.83387756347656,39.33000183105469,36.9920768737793,143.55650329589844,116.1651840209961,243.2653350830078
2024-04-10,504.89398193359375,66.05284881591797,40.0,36.61433410644531,141.5863494873047,112.79032135009766,243.2359161376953
2024-04-11,508.6753845214844,66.05284881591797,40.16999816894531,36.394718170166016,140.25723266601562,112.32319641113281,239.8325958251953
2024-04-12,501.56207275390625,66.20162200927734,38.13999938964844,36.06090545654297,139.06007385253906,111.13150787353516,241.08798217773438
2024-04-15,495.3476257324219,65.76464080810547,36.08000183105469,35.973060607910156,139.12603759765625,110.56903076171875,239.7443084716797
2024-04-16,494.39984130859375,65.5972671508789,35.75,35.79736328125,136.16612243652344,108.50979614257812,240.49952697753906
2024-04-17,491.527099609375,65.91338348388672,34.7599983215332,36.10482406616211,136.4677734375,110.01609802246094,238.85177612304688
2024-04-18,490.3936462402344,65.73672485351562,36.209999084472656,36.280517578125,137.38214111328125,111.87511444091797,240.67605590820312
2024-04-19,486.1431884765625,65.82041931152344,36.66999816894531,36.97450637817383,139.42770385742188,112.99052429199219,245.4034881591797
2024-04-22,490.6281433105469,65.84831237792969,37.93000030517578,37.39617156982422,140.5683135986328,113.69600677490234,246.66867065429688
2024-04-23,496.53973388671875,65.96917724609375,37.900001525878906,37.65970993041992,140.98304748535156,114.27754974365234,245.07981872558594
2024-04-24,496.3442687988281,65.80181121826172,36.40999984741211,37.70362854003906,140.0121307373047,115.69803619384766,238.34178161621094
2024-04-25,494.2434997558594,65.61585235595703,36.86000061035156,38.2482795715332,138.40020751953125,115.8791732788086,241.23512268066406
2024-04-26,499.0801696777344,65.76464080810547,36.31999969482422,38.10771942138672,137.75921630859375,115.14510345458984,240.73489379882812
2024-04-29,500.8585510253906,65.95989227294922,35.869998931884766,38.49424362182617,138.40020751953125,116.57511901855469,244.4324951171875
2024-04-30,492.8951110839844,65.7088394165039,33.56999969482422,38.4854621887207,136.298095703125,116.61323547363281,243.86363220214844
2024-05-01,491.3511962890625,65.94572448730469,32.38999938964844,38.49424362182617,142.5101776123047,119.2826156616211,245.12884521484375
2024-05-02,495.845947265625,66.20684814453125,33.79999923706055,38.63479995727539,141.32241821289062,120.07389831542969,245.44268798828125
2024-05-03,502.0799560546875,66.54261779785156,35.400001525878906,38.292205810546875,140.70970153808594,122.74324798583984,243.76553344726562
2024-05-06,507.3074645996094,66.60787200927734,36.0099983215332,38.20435333251953,140.0592803955078,124.17327880859375,247.2081298828125
2024-05-07,507.962158203125,66.73844146728516,35.93000030517578,38.520599365234375,140.1912384033203,125.67003631591797,247.1100311279297
2024-05-08,507.9132995605469,66.57990264892578,35.380001068115234,38.90712356567383,140.4080352783203,126.67103576660156,246.7961883544922
2024-05-09,510.6980285644531,66.75711822509766,35.58000183105469,39.27607727050781,141.25643920898438,128.110595703125,249.15989685058594
2024-05-10,511.41131591796875,66.57057189941406,34.58000183105469,39.44298553466797,141.31300354003906,129.17835998535156,249.9445343017578
2024-05-13,511.58721923828125,66.62653350830078,36.0,39.56597137451172,142.54788208007812,128.26271057128906,249.6502685546875
2024-05-14,513.9225463867188,66.82237243652344,35.06999969482422,39.97006607055664,142.69869995117188,127.63951873779297,248.29681396484375
2024-05-15,520.2932739257812,67.25137329101562,37.66999816894531,40.27752685546875,143.91473388671875,128.23394775390625,248.11044311523438
2024-05-16,519.0719604492188,67.13948059082031,37.150001525878906,40.36537551879883,145.432373046875,128.73252868652344,259.7916259765625
2024-05-17,519.9513549804688,66.97159576416016,38.279998779296875,40.479576110839844,145.77174377441406,128.24354553222656,269.0110778808594
2024-05-20,520.55712890625,66.90631866455078,39.970001220703125,40.32145309448242,143.74766540527344,128.06138610839844,259.0658874511719
2024-05-21,521.8273315429688,67.04618835449219,39.470001220703125,40.699188232421875,143.71914672851562,128.8188018798828,259.9093322753906
2024-05-22,520.3421630859375,66.96227264404297,39.709999084472656,40.69040298461914,145.86679077148438,128.23394775390625,262.302490234375
2024-05-23,516.541259765625,66.76643371582031,38.27000045776367,40.093048095703125,142.2557373046875,123.29637145996094,258.0262145996094
2024-05-24,519.9708862304688,66.84102630615234,39.459999084472656,39.961280822753906,139.6614990234375,122.94161224365234,259.6739807128906
2024-05-28,520.3715209960938,66.5239486694336,38.97999954223633,39.952491760253906,137.2003173828125,121.03368377685547,257.5946960449219
2024-05-29,516.648681640625,66.2814712524414,38.31999969482422,39.66260528564453,137.25729370117188,118.99153137207031,256.50604248046875
2024-05-30,513.2972412109375,66.57057189941406,39.15999984741211,39.917354583740234,138.05555725097656,121.0720443725586,260.0564270019531
2024-05-31,517.8309936523438,66.81304168701172,38.54999923706055,40.62891387939453,139.3764190673828,125.37686157226562,265.6175537109375
2024-06-03,518.1533203125,67.18631744384766,39.439998626708984,40.892452239990234,140.39320373535156,125.37686157226562,261.517822265625
2024-06-04,518.9155883789062,67.43889617919922,40.16999816894531,41.13842010498047,140.4502410888672,127.34233856201172,259.7229919433594
2024-06-05,525.1300659179688,67.6259765625,40.66999816894531,40.99786376953125,138.71119689941406,126.24931335449219,259.0658874511719
2024-06-06,525.1104736328125,67.63534545898438,40.15999984741211,41.015438079833984,139.13885498046875,125.23304748535156,258.683349609375
2024-06-07,524.446044921875,67.09278106689453,39.41999816894531,41.02422332763672,139.76602172851562,122.9607925415039,262.08673095703125
2024-06-10,526.0093994140625,66.98988342285156,39.59000015258789,40.839744567871094,139.81353759765625,123.25799560546875,262.5476989746094
2024-06-11,527.3138427734375,67.26115417480469,38.43000030517578,40.76068878173828,139.46192932128906,122.64440155029297,258.85009765625
2024-06-12,531.7044677734375,67.56986999511719,38.45000076293945,40.29509353637695,138.17904663085938,122.84574890136719,257.9869689941406
2024-06-13,532.82177734375,67.86923217773438,37.900001525878906,40.18968200683594,138.21707153320312,123.89077758789062,258.1537780761719
2024-06-14,533.0079345703125,67.97212982177734,37.29999923706055,39.78571701049805,138.3026123046875,123.96748352050781,255.3585968017578
2024-06-17,537.369140625,67.71954345703125,37.97999954223633,40.1268424987793,138.69219970703125,123.41140747070312,256.5987243652344
2024-06-18,538.6725463867188,67.95340728759766,36.63999938964844,40.21660614013672,138.40713500976562,125.0892333984375,258.8721923828125
2024-06-20,537.006591796875,67.82245635986328,37.040000915527344,40.78215789794922,140.4312286376953,124.88787841796875,262.2676696777344
2024-06-21,536.0950317382812,67.84114837646484,36.58000183105469,41.06044006347656,141.35301208496094,125.15633392333984,260.4173889160156
2024-06-24,534.7229614257812,67.8785629272461,33.76499938964844,41.69780731201172,141.70457458496094,126.72870635986328,261.9133605957031
2024-06-25,536.7516479492188,67.91598510742188,35.29999923706055,41.67087173461914,139.87057495117188,124.03459167480469,259.12811279296875
2024-06-26,537.5750122070312,67.5979232788086,34.709999084472656,41.61701202392578,139.51895141601562,124.23594665527344,255.8999481201172
2024-06-27,538.3589477539062,67.71954345703125,34.97999954223633,40.8090934753418,138.5496826171875,123.93873596191406,257.8880310058594
2024-06-28,536.3106079101562,67.40145874023438,34.13999938964844,40.88987731933594,138.89178466796875,123.83326721191406,251.04786682128906
2024-07-01,537.4671630859375,67.04582977294922,36.0,41.320770263671875,139.15785217285156,122.49099731445312,250.7919921875
2024-07-02,540.8973388671875,67.2428970336914,35.220001220703125,41.33872604370117,138.7682342529297,123.16214752197266,251.53013610839844
2024-07-03,543.26904296875,67.62763214111328,34.439998626708984,41.248958587646484,138.44512939453125,122.68274688720703,250.0636749267578
2024-07-05,546.630615234375,67.93728637695312,32.20000076293945,41.383609771728516,139.19586181640625,124.64820861816406,248.51849365234375
2024-07-08,547.2676391601562,67.93728637695312,32.15999984741211,41.31179428100586,138.24557495117188,124.56190490722656,248.99090576171875
2024-07-09,547.7772827148438,67.90913391113281,32.959999084472656,41.9222297668457,139.73751831054688,125.32892608642578,249.3353729248047
2024-07-10,552.9911499023438,67.96541595458984,32.66999816894531,42.128700256347656,141.99917602539062,126.77664184570312,252.26828002929688
2024-07-11,548.296630859375,68.30323791503906,32.70000076293945,42.26335525512695,142.2557373046875,130.6020965576172,253.91183471679688
2024-07-12,551.80517578125,68.4815444946289,32.849998474121094,42.84684753417969,142.4268035888672,133.34413146972656,254.25633239746094
2024-07-15,553.3438720703125,68.26569366455078,36.150001525878906,42.83787155151367,141.81863403320312,130.70755004882812,256.0869445800781
2024-07-16,556.6270751953125,68.5284423828125,37.16999816894531,43.11615753173828,143.50059509277344,133.34413146972656,257.5140075683594
2024-07-17,548.8553466796875,68.59413146972656,36.84000015258789,44.33702087402344,148.79360961914062,136.65187072753906,263.2420349121094
2024-07-18,544.513671875,68.41584777832031,36.220001220703125,44.28315734863281,147.69129943847656,135.52053833007812,263.4388732910156
2024-07-19,540.9658813476562,68.23757934570312,38.400001525878906,44.39088439941406,146.9976043701172,135.33837890625,255.77198791503906
2024-07-22,546.5816040039062,68.20939636230469,38.93000030517578,44.34599685668945,146.5699920654297,135.95196533203125,257.86834716796875
2024-07-23,545.6701049804688,68.21878814697266,37.34000015258789,44.094642639160156,144.77395629882812,134.69601440429688,259.0887145996094
2024-07-24,533.3510131835938,68.02175903320312,37.41999816894531,44.363948822021484,148.50852966308594,136.52720642089844,255.9294891357422
2024-07-25,530.5382080078125,68.171875,36.83000183105469,44.70507049560547,151.70143127441406,134.32208251953125,257.474609375
2024-07-26,536.4674682617188,68.44401550292969,38.790000915527344,45.2706184387207,152.65171813964844,135.86570739746094,265.79107666015625
2024-07-29,536.8399047851562,68.5284423828125,38.34000015258789,45.36038589477539,150.67514038085938,135.53012084960938,267.4051513671875
2024-07-30,533.9488525390625,68.6128921508789,37.54999923706055,45.37834548950195,153.30740356445312,137.74485778808594,272.2867736816406
2024-07-31,542.2791748046875,68.98824310302734,37.18000030517578,43.99589538574219,150.00047302246094,136.48886108398438,271.30255126953125
2024-08-01,535.1541748046875,69.24613952636719,36.06999969482422,44.90256881713867,152.7657470703125,138.5406036376953,267.6512451171875
2024-08-02,525.0794067382812,70.03677368164062,35.61000061035156,45.84514236450195,155.9776611328125,141.27308654785156,267.0311584472656
2024-08-05,509.8004455566406,69.97090148925781,30.479999542236328,44.301109313964844,153.2313995361328,136.8340301513672,265.06280517578125
2024-08-06,514.6419067382812,69.53791046142578,32.34000015258789,44.41781234741211,151.06478881835938,137.677734375,260.9881896972656
2024-08-07,511.084228515625,69.36848449707031,31.190000534057617,44.91154098510742,150.99822998046875,137.85989379882812,261.5098571777344
2024-08-08,522.9232177734375,69.26496124267578,33.880001068115234,45.288578033447266,152.25259399414062,138.741943359375,264.96435546875
2024-08-09,525.15771484375,69.50969696044922,34.599998474121094,45.2706184387207,152.63272094726562,136.41217041015625,265.9879150390625
2024-08-12,525.41259765625,69.63204956054688,33.63999938964844,45.16289520263672,151.9295196533203,136.68063354492188,263.763671875
2024-08-13,534.1546630859375,69.89558410644531,34.63999938964844,45.881046295166016,150.51361083984375,136.2902374267578,263.5865173339844
2024-08-14,535.8990478515625,70.02735137939453,33.560001373291016,45.95286178588867,150.59913635253906,136.56011962890625,268.0645751953125
2024-08-15,545.0722045898438,69.73556518554688,32.5,45.548912048339844,151.1787567138672,136.90713500976562,268.3302917480469
2024-08-16,546.3071899414062,69.88619232177734,34.029998779296875,46.06956481933594,151.46388244628906,135.89501953125,269.088134765625
2024-08-19,551.3838500976562,69.97090148925781,33.619998931884766,46.06956481933594,151.6919403076172,136.4637451171875,269.6983642578125
2024-08-20,550.5606079101562,70.17797088623047,33.91999816894531,46.17728805541992,152.19561767578125,136.17457580566406,267.72991943359375
2024-08-21,552.706787109375,70.32855987548828,35.130001068115234,46.509437561035156,153.4024200439453,135.69259643554688,267.769287109375
2024-08-22,548.0320434570312,70.04617309570312,34.349998474121094,46.52738952636719,154.2766876220703,134.9696807861328,268.5369873046875
2024-08-23,553.9515380859375,70.35678100585938,36.279998779296875,47.074981689453125,155.96817016601562,135.355224609375,271.735595703125
2024-08-26,552.3834228515625,70.28146362304688,36.09000015258789,47.31735610961914,156.42431640625,135.97213745117188,271.27301025390625
2024-08-27,553.392822265625,70.28146362304688,35.380001068115234,47.58666229248047,156.02215576171875,135.11422729492188,272.8280029296875
2024-08-28,550.1587524414062,70.23443603515625,33.52000045776367,47.77518081665039,156.95091247558594,136.6565399169922,274.3043518066406
2024-08-29,550.2468872070312,70.13090515136719,33.689998626708984,47.90085220336914,157.2477264404297,136.70474243164062,277.5226745605469
2024-08-30,555.4412231445312,69.98973083496094,33.369998931884766,48.2689094543457,158.80844116210938,137.95782470703125,279.6878662109375
2024-09-03,544.1804809570312,70.28805541992188,32.97999954223633,48.5382194519043,160.0531768798828,138.30484008789062,282.16802978515625
2024-09-04,543.0435791015625,70.59961700439453,33.040000915527344,49.11273956298828,160.2446746826172,138.95065307617188,286.34100341796875
2024-09-05,541.5343017578125,70.76953125,31.850000381469727,48.71775817871094,157.9754180908203,139.2976837158203,282.7880554199219
2024-09-06,532.5277099609375,70.85450744628906,30.40999984741211,48.19709777832031,157.391357421875,138.7482452392578,282.95538330078125
2024-09-09,538.5059814453125,70.94891357421875,32.5099983215332,48.592079162597656,159.5265350341797,140.74359130859375,287.58111572265625
2024-09-10,540.4954223632812,71.18494415283203,33.0,48.54719543457031,160.26380920410156,142.85459899902344,286.4295959472656
2024-09-11,546.3267822265625,71.14716339111328,32.79999923706055,47.73029708862305,157.8126678466797,141.73646545410156,279.8453369140625
2024-09-12,550.9525146484375,71.07164001464844,33.25,47.2545166015625,157.6403045654297,141.8231964111328,283.99859619140625
2024-09-13,553.775146484375,71.22270202636719,34.040000915527344,47.541778564453125,158.48287963867188,142.78712463378906,285.2031555175781
2024-09-16,554.6964111328125,71.41151428222656,32.97999954223633,47.32210159301758,159.89039611816406,143.71249389648438,287.6220397949219
2024-09-17,554.9021606445312,71.3171157836914,34.099998474121094,46.22371292114258,159.96697998046875,144.4932861328125,287.0888977050781
2024-09-18,553.2459106445312,71.0999755859375,34.150001525878906,46.34271240234375,159.0861053466797,143.5679168701172,285.5091857910156
2024-09-19,562.7327270507812,71.0999755859375,36.0099983215332,45.97657775878906,157.8126678466797,143.70285034179688,286.89141845703125
2024-09-20,561.556640625,71.09053039550781,35.79999923706055,46.12303161621094,157.1807098388672,141.9196014404297,286.9704284667969
2024-09-23,563.1150512695312,71.04332733154297,36.040000915527344,46.69968032836914,156.2806854248047,142.21839904785156,288.4019775390625
2024-09-24,564.7516479492188,71.1282958984375,36.63999938964844,46.85528564453125,155.859375,139.80856323242188,286.08184814453125
2024-09-25,563.41845703125,70.86393737792969,35.970001220703125,46.717994689941406,153.77206420898438,138.9217529296875,286.6445617675781
2024-09-26,565.8289184570312,70.86393737792969,36.84000015258789,46.763755798339844,154.52847290039062,138.0156707763672,286.16082763671875
2024-09-27,564.8057861328125,71.07164001464844,37.38999938964844,46.727142333984375,154.53805541992188,139.70252990722656,285.8942565917969
2024-09-30,567.5113525390625,70.91114044189453,36.130001068115234,46.717994689941406,155.16998291015625,140.96531677246094,284.7292785644531
2024-10-01,562.1492919921875,71.12039947509766,35.130001068115234,46.617305755615234,155.10296630859375,140.4158477783203,288.411865234375
2024-10-02,562.3755493164062,70.98783874511719,34.2400016784668,46.306095123291016,154.3178253173828,140.83035278320312,287.63189697265625
2024-10-03,561.30322265625,70.67536163330078,34.720001220703125,45.74774932861328,153.6763153076172,139.4615478515625,284.8773193359375
2024-10-04,566.399658203125,70.21139526367188,35.52000045776367,45.85758972167969,153.47523498535156,137.42767333984375,286.9012756347656
2024-10-07,561.3229370117188,70.00308990478516,36.060001373291016,45.69282913208008,152.74752807617188,132.0489501953125,273.6615295410156
2024-10-08,566.6455688476562,70.10723114013672,35.400001525878906,45.35416030883789,152.9007568359375,132.43450927734375,276.40625
2024-10-09,570.4924926757812,69.9178695678711,34.68000030517578,45.97657775878906,153.81993103027344,131.26812744140625,279.23980712890625
2024-10-10,569.4889526367188,69.88944244384766,33.95000076293945,45.4731559753418,153.68589782714844,131.30670166015625,281.0860900878906
2024-10-11,572.9520874023438,69.89892578125,35.939998626708984,45.61960220336914,154.5955047607422,133.86111450195312,283.18902587890625
2024-10-14,577.6746826171875,69.8515853881836,37.56999969482422,45.63791275024414,154.7295379638672,135.3070068359375,285.045166015625
2024-10-15,573.0899047851562,70.12618255615234,38.16999816894531,45.67452621459961,157.1232452392578,136.10708618164062,283.7518005371094
2024-10-16,575.6381225585938,70.22086334228516,38.58000183105469,45.91250991821289,157.2955780029297,137.43728637695312,289.37945556640625
2024-10-17,575.8053588867188,69.87997436523438,38.04999923706055,45.528076171875,157.4775390625,135.71188354492188,298.057861328125
2024-10-18,577.9796752929688,69.9178695678711,39.06999969482422,45.40908432006836,158.0998992919922,136.8396759033203,297.8307800292969
2024-10-21,577.1237182617188,69.44442749023438,38.56999969482422,44.90565872192383,155.90724182128906,135.96250915527344,294.06915283203125
2024-10-22,576.671142578125,69.47283935546875,38.40999984741211,45.820980072021484,156.5009002685547,135.67332458496094,293.3385314941406
2024-10-23,571.4172973632812,69.30239868164062,37.810001373291016,45.5829963684082,158.80844116210938,136.99391174316406,291.25531005859375
2024-10-24,572.6372680664062,69.41602325439453,38.869998931884766,45.71113967895508,156.71151733398438,134.75758361816406,290.228515625
2024-10-25,572.5093994140625,69.27399444580078,38.0099983215332,45.500614166259766,154.04014587402344,132.69476318359375,284.3343200683594
2024-10-28,574.231201171875,69.18877410888672,39.66999816894531,45.9948844909668,154.7295379638672,133.78399658203125,286.3385314941406
2024-10-29,575.1166381835938,69.24555969238281,41.33000183105469,45.72029113769531,153.2837371826172,130.90185546875,283.5543518066406
2024-10-30,573.2669677734375,69.17929077148438,40.880001068115234,46.22371292114258,153.78163146972656,130.79583740234375,280.03955078125
2024-10-31,562.0213623046875,69.16983795166016,39.779998779296875,49.848384857177734,153.06353759765625,133.12855529785156,278.85479736328125
2024-11-01,564.4613647460938,68.90196990966797,39.369998931884766,49.308349609375,153.32205200195312,131.09461975097656,273.88861083984375
2024-11-04,563.3299560546875,69.17744445800781,38.25,49.3175048828125,151.51239013671875,130.41989135742188,272.5754699707031
2024-11-05,570.1383056640625,69.34839630126953,39.5099983215332,49.60124969482422,151.61773681640625,132.16461181640625,273.7701721191406
2024-11-06,584.2960815429688,68.77848052978516,43.400001525878906,49.69278335571289,151.16769409179688,128.76193237304688,276.45562744140625
2024-11-07,588.8513793945312,69.29138946533203,43.599998474121094,49.00629806518555,150.0666046142578,128.0486297607422,274.46124267578125
2024-11-08,591.4290771484375,69.42439270019531,43.689998626708984,49.473106384277344,148.8601531982422,131.181396484375,277.7884521484375
2024-11-11,591.881591796875,69.29138946533203,49.56999969482422,49.3632698059082,148.4484100341797,129.9090118408203,277.1368713378906
2024-11-12,590.0713500976562,68.87348175048828,51.04999923706055,49.830078125,146.15048217773438,128.3821258544922,279.2990417480469
2024-11-13,590.5140991210938,68.84496307373047,51.040000915527344,50.57149887084961,146.72496032714844,128.39186096191406,279.7828369140625
2024-11-14,586.6080322265625,68.82598876953125,49.72999954223633,50.69963836669922,145.41319274902344,127.98468017578125,283.2877502441406
2024-11-15,579.1602172851562,68.84496307373047,52.130001068115234,51.19391632080078,147.45265197753906,130.12713623046875,284.3442077636719
2024-11-18,581.5707397460938,68.91146850585938,52.130001068115234,51.569190979003906,148.18994140625,132.49253845214844,285.06494140625
2024-11-19,583.5975341796875,69.03495788574219,52.70000076293945,51.12983703613281,146.49517822265625,133.9757843017578,280.2666015625
2024-11-20,583.8631591796875,68.95895385742188,53.720001220703125,51.23967361450195,146.60049438476562,133.67526245117188,279.24969482421875
2024-11-21,586.8541259765625,68.92095947265625,55.900001525878906,51.28544235229492,148.88888549804688,134.5477294921875,281.4908752441406
2024-11-22,588.7922973632812,68.94945526123047,56.4900016784668,51.926170349121094,148.57290649414062,133.11297607421875,281.5895690917969
2024-11-25,590.53369140625,69.58586120605469,54.02000045776367,51.94447326660156,149.156982421875,132.5604248046875,282.78424072265625
2024-11-26,594.0166015625,69.46237182617188,51.70000076293945,52.713348388671875,149.1376953125,133.38442993164062,284.818115234375
2024-11-27,592.1079711914062,69.65235900878906,55.029998779296875,52.76826477050781,149.98703002929688,134.08241271972656,286.6544494628906
2024-11-29,595.3054809570312,69.90879821777344,55.209999084472656,52.85064697265625,149.61061096191406,132.75430297851562,285.06494140625
2024-12-02,596.9190063476562,69.94977569580078,54.47999954223633,52.33805847167969,149.40794372558594,131.4552764892578,286.2299499511719
2024-12-03,597.1649780273438,69.78781127929688,54.459999084472656,52.0817756652832,147.0529327392578,130.00111389160156,282.6164245605469
2024-12-04,600.8446655273438,70.0260009765625,56.41999816894531,51.66987609863281,145.228759765625,127.00554656982422,280.98736572265625
2024-12-05,599.8902587890625,70.03551483154297,56.400001525878906,52.09092712402344,144.3118438720703,128.06224060058594,282.9817199707031
2024-12-06,600.9725341796875,70.22607421875,57.79999923706055,52.46620559692383,144.10916137695312,128.323974609375,279.7236022949219
2024-12-09,597.8734130859375,70.01646423339844,54.72999954223633,51.12983703613281,144.38906860351562,126.72441864013672,273.7997741699219
2024-12-10,596.1417236328125,69.94025421142578,54.900001525878906,50.79117202758789,144.0319366455078,126.9764633178711,271.1142883300781
2024-12-11,600.7363891601562,69.78781127929688,57.720001220703125,50.05891418457031,141.5321807861328,126.35603332519531,272.7137145996094
2024-12-12,597.5487060546875,69.51152038574219,56.91999816894531,50.33351135253906,141.14610290527344,126.55960845947266,271.8843688964844
2024-12-13,597.4404296875,69.23523712158203,57.90999984741211,50.26943588256836,141.5128631591797,125.62895202636719,273.4891357421875
2024-12-16,599.9887084960938,69.31144714355469,60.220001220703125,50.06806945800781,138.83935546875,124.9697494506836,273.1225891113281
2024-12-17,597.3761596679688,69.32097625732422,60.72999954223633,49.54633331298828,141.3101806640625,125.23148345947266,274.0834655761719
2024-12-18,579.8118896484375,68.77791595458984,57.18000030517578,48.740848541259766,139.70799255371094,120.62667846679688,269.01171875
2024-12-19,579.3873291015625,68.58737182617188,54.720001220703125,48.50286865234375,138.57875061035156,120.0450210571289,270.5867614746094
2024-12-20,585.8048706054688,68.79696655273438,54.810001373291016,49.280887603759766,139.43775939941406,122.07112884521484,270.6263732910156
2024-12-23,590.0602416992188,68.57783508300781,52.869998931884766,49.042903900146484,140.20989990234375,122.12930297851562,272.78582763671875
2024-12-24,596.6949462890625,68.67630004882812,56.22999954223633,48.942222595214844,140.76968383789062,121.88694763183594,273.9349060058594
2024-12-26,596.4086303710938,68.7240982055664,54.29999923706055,49.08218765258789,140.5090789794922,122.30380249023438,275.6485900878906
2024-12-27,589.9515991210938,68.58070373535156,53.68000030517578,48.87689971923828,139.99754333496094,121.46038818359375,275.06414794921875
2024-12-30,583.484619140625,68.84833526611328,53.54999923706055,48.59696578979492,138.3470916748047,120.44248962402344,272.8155212402344
2024-12-31,581.2138061523438,68.73362731933594,53.04999923706055,48.79291915893555,139.58251953125,120.68484497070312,273.6971435546875
2025-01-02,579.9993896484375,68.76232147216797,55.369998931884766,48.998207092285156,139.00343322753906,120.07410430908203,269.9527587890625
2025-01-03,587.068603515625,68.67630004882812,55.959999084472656,49.58607482910156,139.1675262451172,119.9868392944336,269.1701965332031
2025-01-06,590.7117919921875,68.60936737060547,58.16999816894531,48.60629653930664,138.65597534179688,118.24185943603516,264.79180908203125
2025-01-07,584.067138671875,68.37042236328125,54.790000915527344,48.018428802490234,141.13644409179688,117.9122543334961,266.2281799316406
2025-01-08,584.6793212890625,68.4468994140625,53.34000015258789,48.04642868041992,137.31439208984375,118.8623046875,264.1380310058594
2025-01-10,575.931640625,68.09323120117188,53.84000015258789,47.46788787841797,137.1116943359375,117.4178466796875,255.28225708007812
2025-01-13,576.7708740234375,68.02632904052734,53.220001220703125,47.44922637939453,139.43775939941406,117.31121826171875,259.29412841796875
2025-01-14,577.570556640625,68.07411193847656,54.83000183105469,47.92511749267578,139.70799255371094,118.77505493164062,263.0088195800781
2025-01-15,588.07568359375,68.61893463134766,56.63999938964844,47.626522064208984,139.92034912109375,119.75418090820312,265.8815002441406
2025-01-16,587.0784912109375,68.75275421142578,57.09000015258789,47.738494873046875,142.62281799316406,122.49768829345703,270.9532165527344
2025-01-17,592.64697265625,68.7718734741211,59.619998931884766,48.39167785644531,141.90858459472656,122.7303466796875,266.94140625
2025-01-21,598.0179443359375,68.97260284423828,60.41999816894531,48.02776336669922,142.9895477294922,122.4686050415039,266.3272399902344
2025-01-22,601.5723266601562,68.82923126220703,59.380001068115234,47.411903381347656,140.20989990234375,117.96072387695312,265.7923278808594
2025-01-23,604.92919921875,68.7240982055664,58.790000915527344,47.78514862060547,141.5321807861328,118.08675384521484,263.9894714355469
2025-01-24,603.1421508789062,68.85789489746094,59.70000076293945,48.5689697265625,141.70590209960938,117.9122543334961,264.1875915527344
2025-01-27,594.7302856445312,69.22110748291016,57.66999816894531,49.87533950805664,147.56448364257812,125.97795104980469,273.8853759765625
2025-01-28,599.7852783203125,69.18289184570312,57.58000183105469,49.08218765258789,145.1418914794922,122.4686050415039,269.7051086425781
2025-01-29,597.2379150390625,69.14463806152344,59.34000015258789,49.138179779052734,145.8850555419922,120.4521713256836,273.2315673828125
2025-01-30,600.2295532226562,69.240234375,59.720001220703125,48.093082427978516,147.545166015625,119.88021850585938,272.1914367675781
2025-01-31,596.9910888671875,69.14463806152344,57.709999084472656,48.73693084716797,146.85023498535156,120.83024597167969,269.31878662109375
2025-02-03,593.0616455078125,69.20696258544922,57.58000183105469,49.31547164916992,146.57997131347656,121.91602325439453,271.3494567871094
2025-02-04,597.0208129882812,69.30287170410156,56.130001068115234,49.10084915161133,148.14356994628906,120.06439971923828,269.66552734375
2025-02-05,599.46923828125,69.65768432617188,55.33000183105469,49.06352615356445,149.30177307128906,119.83174133300781,270.2301025390625
2025-02-06,601.6710815429688,69.58097076416016,55.119998931884766,49.11951446533203,148.16285705566406,120.1904296875,270.3093566894531
2025-02-07,596.1420288085938,69.36998748779297,54.470001220703125,49.138179779052734,147.7864532470703,119.48322296142578,267.614990234375
2025-02-10,600.0419921875,69.3891830444336,55.380001068115234,50.2392578125,148.86746215820312,120.08800506591797,264.0686950683594
2025-02-11,600.515869140625,69.27409362792969,54.11000061035156,50.248592376708984,150.6916046142578,122.00965118408203,265.4356994628906
2025-02-12,598.5215454101562,68.91930389404297,55.15999984741211,49.772701263427734,149.85191345214844,121.95112609863281,262.5729675292969
2025-02-13,604.8995361328125,69.33163452148438,54.7400016784668,50.033973693847656,151.7725830078125,123.75572204589844,265.2177734375
2025-02-14,604.9094848632812,69.55218505859375,55.33000183105469,49.726043701171875,150.71090698242188,122.57540893554688,262.02813720703125
2025-02-18,606.6866455078125,69.29328918457031,53.5099983215332,49.22216033935547,150.7887420654297,124.04834747314453,264.0984191894531
2025-02-19,608.0392456054688,69.3891830444336,54.650001525878906,49.772701263427734,153.61012268066406,124.72140502929688,263.9300537109375
2025-02-20,605.6795654296875,69.47547149658203,56.040000915527344,50.69648742675781,155.3516082763672,125.51152038574219,264.97015380859375
2025-02-21,595.2238159179688,69.7823486328125,53.91999816894531,51.36833953857422,157.90057373046875,129.42308044433594,264.7323913574219
2025-02-24,592.3902587890625,69.87824249267578,53.40999984741211,51.55496597290039,159.3015594482422,130.3107452392578,270.8641052246094
2025-02-25,589.5072631835938,70.31935119628906,50.029998779296875,52.254798889160156,161.5878448486328,133.8809051513672,274.8363342285156
2025-02-26,589.7047729492188,70.4248275756836,47.959999084472656,51.18171310424805,158.65943908691406,131.7446746826172,271.08203125
2025-02-27,580.3252563476562,70.33853149414062,47.349998474121094,51.39633560180664,159.2918243408203,130.73020935058594,279.0363464355469
2025-02-28,589.4677734375,70.63579559326172,47.900001525878906,52.114830017089844,160.54684448242188,132.63233947753906,282.7906799316406
2025-03-03,579.3477783203125,70.79834747314453,48.900001525878906,53.47719192504883,162.74560546875,136.1439666748047,286.96099853515625
2025-03-04,572.3576049804688,70.59636688232422,49.38999938964844,52.534732818603516,160.93600463867188,135.7830352783203,281.47320556640625
2025-03-05,578.6270141601562,70.34629821777344,51.439998626708984,52.2081413269043,160.64413452148438,134.4369354248047,284.3062438964844
2025-03-06,568.240478515625,70.28858947753906,50.63999938964844,53.1972541809082,161.33489990234375,134.7880859375,283.5930480957031
2025-03-07,571.1728515625,70.21163940429688,49.43000030517578,53.92509078979492,162.1715850830078,141.83084106445312,283.8902282714844
2025-03-10,556.2939453125,70.53865814208984,44.90999984741211,55.044837951660156,163.15419006347656,145.64486694335938,290.2001953125
2025-03-11,551.5548095703125,70.26935577392578,47.2400016784668,54.26101303100586,161.3640899658203,139.90921020507812,287.9615173339844
2025-03-12,554.3588256835938,70.12509155273438,47.150001525878906,53.943756103515625,158.43568420410156,137.40231323242188,281.3048400878906
2025-03-13,547.0328979492188,70.336669921875,45.52000045776367,54.63426208496094,158.5718994140625,139.04104614257812,285.83172607421875
2025-03-14,558.3870849609375,70.16355895996094,48.13999938964844,54.97018814086914,158.39675903320312,140.77737426757812,292.11199951171875
2025-03-17,562.3856811523438,70.259765625,48.060001373291016,54.96085739135742,158.42596435546875,141.2650909423828,295.5303955078125
2025-03-18,556.527587890625,70.336669921875,46.810001373291016,54.43830490112305,159.7977294921875,141.19680786132812,293.80133056640625
2025-03-19,562.5491333007812,70.54827880859375,48.61000061035156,54.07438659667969,158.5718994140625,138.56309509277344,294.3876037597656
2025-03-20,561.291259765625,70.57714080810547,47.849998474121094,54.20502853393555,158.60105895996094,138.32896423339844,292.27099609375
2025-03-21,561.1328735351562,70.51942443847656,47.70000076293945,53.74779510498047,159.1945343017578,137.66567993164062,289.5979309082031
2025-03-24,571.1754150390625,70.21163940429688,50.18000030517578,53.79445266723633,158.86373901367188,136.27076721191406,289.6078796386719
2025-03-25,572.4035034179688,70.29821014404297,50.13999938964844,53.87044906616211,156.6552734375,135.7440185546875,289.568115234375
2025-03-26,565.92626953125,70.14432525634766,49.18000030517578,54.858375549316406,157.3363037109375,137.66567993164062,293.4634704589844
2025-03-27,564.1436157226562,70.1154556274414,49.439998626708984,55.38083267211914,158.70809936523438,139.5482940673828,296.48431396484375
2025-03-28,552.7542114257812,70.51942443847656,47.560001373291016,55.23834228515625,159.2723846435547,142.65023803710938,294.576416015625
2025-03-31,556.4978637695312,70.64446258544922,46.810001373291016,57.01470947265625,161.34461975097656,143.89881896972656,300.0915222167969
2025-04-01,558.3598022460938,70.86640930175781,48.29999923706055,55.84629821777344,149.0959014892578,143.3915557861328,299.5052185058594
2025-04-02,561.7468872070312,70.80850982666016,49.40999984741211,54.259918212890625,151.14869689941406,142.60145568847656,299.6443786621094
2025-04-03,534.8777465820312,71.1751937866211,46.56999969482422,54.991363525390625,155.48782348632812,148.22982788085938,300.5585632324219
2025-04-04,502.7297668457031,71.23307037353516,47.709999084472656,53.26249313354492,149.086181640625,143.61593627929688,278.9154968261719
2025-04-07,501.5116271972656,70.374267578125,44.27000045776367,52.873023986816406,146.53720092773438,138.86546325683594,272.5954895019531
2025-04-08,494.00445556640625,69.968994140625,43.59000015258789,52.77802658081055,145.9340057373047,137.41204833984375,273.2612609863281
2025-04-09,540.998291015625,70.13302612304688,46.83000183105469,53.53797149658203,146.87771606445312,135.5879669189453,282.8307189941406
2025-04-10,521.9927978515625,69.5733642578125,45.16999816894531,53.556976318359375,144.65951538085938,139.63607788085938,280.5650329589844
2025-04-11,531.8173828125,69.49615478515625,47.66999816894531,53.813453674316406,147.61709594726562,142.50390625,281.58856201171875
2025-04-14,536.3137817382812,69.89180755615234,48.279998779296875,54.26941680908203,150.17579650878906,145.17665100097656,286.52734375
2025-04-15,534.99658203125,70.06549072265625,47.7400016784668,54.639888763427734,149.4558868408203,143.2745361328125,283.00958251953125
2025-04-16,523.0624389648438,70.25846862792969,47.959999084472656,54.40240478515625,149.73802185058594,142.80630493164062,283.27789306640625
2025-04-17,523.5872802734375,70.10408020019531,48.2599983215332,55.24784469604492,153.20150756835938,144.7572021484375,283.79461669921875
2025-04-21,511.41552734375,69.71809387207031,49.720001220703125,54.744380950927734,152.66641235351562,143.51840209960938,278.0211486816406
2025-04-22,524.2904663085938,69.84354400634766,52.08000183105469,55.87479782104492,153.4739227294922,145.59609985351562,288.59429931640625
2025-04-23,532.6790771484375,69.98828887939453,53.20000076293945,55.62781524658203,151.1681671142578,143.55740356445312,282.7015380859375
2025-04-24,543.939697265625,70.3839340209961,53.2599983215332,55.77030563354492,150.73037719726562,142.45513916015625,280.2272033691406
2025-04-25,547.87158203125,70.61551666259766,54.27000045776367,55.34283447265625,150.3898468017578,140.43594360351562,277.3553466796875
2025-04-28,548.1093139648438,70.78921508789062,53.880001068115234,55.276344299316406,151.13897705078125,140.7285919189453,280.40606689453125
2025-04-29,551.5953979492188,70.97254943847656,54.220001220703125,55.82730484008789,151.68380737304688,142.27955627441406,283.15869140625
2025-04-30,552.5957641601562,70.9242935180664,53.5099983215332,56.18827438354492,152.0729522705078,143.4013214111328,284.28155517578125
2025-05-01,555.7154541015625,70.726806640625,54.95000076293945,56.34026336669922,150.2731170654297,142.83555603027344,281.50909423828125
2025-05-02,563.8663330078125,70.37831115722656,55.189998626708984,56.625240325927734,151.8881072998047,143.4988555908203,285.5038146972656
2025-05-05,560.7267456054688,70.28150177001953,53.630001068115234,56.87221908569336,150.79847717285156,144.5133514404297,286.0205383300781
2025-05-06,556.1412963867188,70.43639373779297,53.970001220703125,57.45167541503906,150.2828369140625,145.53756713867188,287.1831970214844
2025-05-07,558.3499145507812,70.57191467285156,54.68000030517578,57.86014938354492,153.03611755371094,144.445068359375,288.6042175292969
2025-05-08,561.8756103515625,70.19438171386719,57.619998931884766,57.37568283081055,151.44056701660156,141.83084106445312,287.15338134765625
2025-05-09,561.43994140625,70.2524642944336,58.65999984741211,56.454254150390625,150.03961181640625,143.3330535888672,288.05767822265625
2025-05-12,580.0789794921875,70.01044464111328,57.880001068115234,54.09843063354492,149.96176147460938,135.23678588867188,287.8291015625
2025-05-13,584.2682495117188,69.98139953613281,59.619998931884766,53.6424674987793,144.41627502441406,131.33901977539062,283.5362548828125
2025-05-14,584.6051025390625,69.73939514160156,58.7400016784668,53.50947570800781,142.39266967773438,131.31939697265625,279.6111145019531
2025-05-15,587.4771118164062,70.116943359375,58.66999816894531,55.15285110473633,145.5545654296875,137.74697875976562,290.2140197753906
2025-05-16,591.2999877929688,70.16532897949219,59.20000076293945,55.941287994384766,147.22793579101562,139.89605712890625,292.47967529296875
2025-05-19,592.042724609375,70.14596557617188,59.9900016784668,56.49224853515625,148.3565216064453,141.02459716796875,292.7281188964844
2025-05-20,589.8441772460938,70.02013397216797,60.90999984741211,56.90072250366211,149.49478149414062,141.1325225830078,290.12457275390625
2025-05-21,580.039306640625,69.58448791503906,61.790000915527344,56.4732551574707,149.02780151367188,140.79888916015625,288.59429931640625
2025-05-22,580.1284790039062,69.77810668945312,63.22999954223633,56.33076095581055,148.47325134277344,139.1993408203125,285.28521728515625
2025-05-23,576.4046020507812,69.88459777832031,61.83000183105469,56.74872970581055,148.79429626464844,140.92645263671875,284.3014221191406
2025-05-27,588.2297973632812,70.21373748779297,62.5,56.63473892211914,150.3740997314453,140.46524047851562,287.9085998535156
2025-05-28,584.7634887695312,70.05885314941406,60.790000915527344,56.501747131347656,149.56947326660156,138.23764038085938,287.1831970214844
2025-05-29,587.0809936523438,70.31053924560547,59.9900016784668,56.501747131347656,150.69789123535156,138.89512634277344,292.3008117675781
2025-05-30,586.45703125,70.44608306884766,59.459999084472656,57.57516860961914,152.2973175048828,140.29840087890625,295.3316650390625
2025-06-02,589.864013671875,70.2906723022461,59.36000061035156,57.59416961669922,152.48373413085938,139.75868225097656,298.04449462890625
2025-06-03,593.1718139648438,70.21296691894531,60.400001525878906,57.34718322753906,151.5221405029297,139.20916748046875,294.546630859375
2025-06-04,593.0133666992188,70.6500244140625,59.63999938964844,56.34026336669922,150.3446502685547,136.24559020996094,289.9457092285156
2025-06-05,590.2501831054688,70.5140609741211,57.869998931884766,56.416255950927734,150.77638244628906,137.40353393554688,289.6873474121094
2025-06-06,596.2123413085938,70.13526153564453,59.2599983215332,56.27376937866211,152.12069702148438,137.4329833984375,291.972900390625
2025-06-09,596.77685546875,70.24210357666016,61.77000045776367,56.112281799316406,152.31692504882812,137.19744873046875,287.9781494140625
2025-06-10,600.20361328125,70.3780746459961,62.290000915527344,55.62781524658203,153.51405334472656,138.63018798828125,284.45050048828125
2025-06-11,598.5001831054688,70.60147857666016,61.84000015258789,56.91021728515625,152.3463592529297,137.98251342773438,283.8144836425781
2025-06-12,600.678955078125,70.86372375488281,60.70000076293945,56.919715881347656,153.7200927734375,138.67926025390625,287.47137451171875
2025-06-13,594.0235595703125,70.61119079589844,59.7400016784668,56.81522750854492,154.15185546875,138.7969970703125,285.9458923339844
2025-06-16,599.8224487304688,70.47521209716797,61.79999923706055,56.82489013671875,152.30711364746094,137.8451385498047,285.5869445800781
2025-06-17,594.8551025390625,70.69860076904297,59.5,57.00851058959961,149.52041625976562,138.28671264648438,282.96466064453125
2025-06-18,594.7160034179688,70.73746490478516,58.970001220703125,57.49171447753906,147.9013671875,138.46334838867188,281.31951904296875
2025-06-20,592.768798828125,70.78602600097656,58.66999816894531,57.74298095703125,146.97900390625,138.61053466796875,282.984619140625
2025-06-23,598.9978637695312,70.9608383178711,58.66999816894531,58.458126068115234,148.48031616210938,141.2993621826172,287.3417663574219
2025-06-24,605.5349731445312,71.17452239990234,60.060001373291016,57.897605895996094,149.333984375,139.5231475830078,285.9359130859375
2025-06-25,605.9820556640625,71.1939697265625,61.275001525878906,56.96018600463867,149.42230224609375,137.4329833984375,281.9875793457031
2025-06-26,610.750732421875,71.3979263305664,61.13999938964844,56.81522750854492,149.1573486328125,135.8334197998047,282.7353515625
2025-06-27,613.4331665039062,71.23279571533203,60.720001220703125,56.77656936645508,149.5498504638672,135.34278869628906,284.2807922363281
2025-06-30,616.8507080078125,71.51445770263672,61.209999084472656,56.66060256958008,149.8834686279297,136.51052856445312,288.86724853515625
2025-07-01,616.6221923828125,71.46088409423828,59.84000015258789,56.18706130981445,152.99398803710938,139.89605712890625,288.7376403808594
2025-07-02,619.354248046875,71.38292694091797,62.41999816894531,57.18246078491211,152.6407470703125,137.68812561035156,279.255615234375
2025-07-03,624.0732421875,71.20755004882812,62.189998626708984,57.64634323120117,153.08229064941406,137.4329833984375,282.96466064453125
2025-07-07,619.7615966796875,70.97368621826172,61.400001525878906,58.2261848449707,152.35618591308594,137.3446502685547,279.1459655761719
2025-07-08,619.264892578125,70.9347152709961,61.81999969482422,57.540035247802734,152.8664093017578,138.3848419189453,279.12603759765625
2025-07-09,622.9407348632812,71.21728515625,63.58000183105469,55.81016159057617,153.34722900390625,139.1502685546875,279.1758728027344
2025-07-10,624.7488403320312,71.2270278930664,64.5,56.583290100097656,154.73077392578125,140.01382446289062,279.71429443359375
2025-07-11,622.3545532226562,70.9347152709961,67.20999908447266,55.858482360839844,153.95559692382812,139.631103515625,277.2315979003906
2025-07-14,623.6460571289062,70.92496490478516,68.18000030517578,56.177398681640625,153.87710571289062,140.6713104248047,279.3752746582031
2025-07-15,620.9140014648438,70.71060943603516,66.16000366210938,56.51564025878906,152.258056640625,138.1984100341797,274.8685607910156
2025-07-16,623.1593017578125,70.8470230102539,67.83000183105469,56.88287353515625,161.68771362304688,139.07176208496094,276.7829284667969
2025-07-17,626.8153076171875,70.86651611328125,67.6500015258789,56.032432556152344,159.92149353027344,139.5526123046875,274.64923095703125
2025-07-18,626.5570068359375,70.98342895507812,66.68000030517578,56.07109069824219,160.6279754638672,140.23953247070312,273.3231506347656
2025-07-21,627.6100463867188,71.18805694580078,66.33000183105469,56.94085693359375,161.27560424804688,140.17083740234375,273.2134704589844
2025-07-22,627.6199951171875,71.30497741699219,67.81999969482422,57.443389892578125,164.77859497070312,142.20216369628906,277.90960693359375
2025-07-23,633.173583984375,71.15882110595703,67.29000091552734,57.762306213378906,165.92665100097656,139.22877502441406,269.3548583984375
2025-07-24,633.4219360351562,71.07112884521484,67.66000366210938,57.60768127441406,166.3780059814453,137.88436889648438,269.384765625
2025-07-25,635.8857421875,71.24652862548828,66.36000061035156,57.829959869384766,165.14166259765625,137.69793701171875,268.3577880859375
2025-07-28,635.7466430664062,71.12958526611328,67.0999984741211,56.74757766723633,163.10069274902344,136.11801147460938,265.20709228515625
2025-07-29,634.2366333007812,71.4998550415039,66.70999908447266,57.36608123779297,164.95521545410156,138.31614685058594,267.7595520019531
2025-07-30,633.3523559570312,71.31473541259766,66.37000274658203,59.43419647216797,164.1211700439453,137.04043579101562,265.7255859375
2025-07-31,630.7593994140625,71.32445526123047,66.31999969482422,59.859413146972656,161.6484832763672,137.61944580078125,265.2569580078125
2025-08-01,620.5762939453125,71.94231414794922,64.22000122070312,59.70478820800781,164.1898651123047,142.9970245361328,266.6129455566406
2025-08-04,630.0341186523438,71.99119567871094,65.19999694824219,59.859413146972656,167.83023071289062,144.2530975341797,266.9519348144531
2025-08-05,627.0040893554688,72.0205307006836,64.55000305175781,60.4199333190918,167.53587341308594,138.8558807373047,266.8921203613281
2025-08-06,631.6436157226562,71.96187591552734,65.51000213623047,61.02877426147461,167.388671875,139.2582244873047,268.8363952636719
2025-08-07,631.2958984375,71.93253326416016,66.83000183105469,61.41533660888672,168.31105041503906,141.72129821777344,268.517333984375
2025-08-08,636.0745239257812,71.776123046875,66.12999725341797,62.03384017944336,170.0772705078125,142.6437530517578,270.441650390625
2025-08-11,634.812744140625,71.82500457763672,67.63999938964844,63.46412658691406,170.55809020996094,142.8302001953125,270.2023620605469
2025-08-12,641.5286865234375,71.83477783203125,67.94999694824219,63.79270553588867,169.53759765625,140.23260498046875,268.9759521484375
2025-08-13,643.8832397460938,72.0987319946289,69.83999633789062,63.299835205078125,171.14678955078125,141.85116577148438,274.23046875
2025-08-14,643.9031372070312,71.89344024658203,67.02999877929688,63.34815979003906,171.44117736816406,141.5353546142578,274.92840576171875
2025-08-15,642.45263671875,71.7956771850586,66.44000244140625,63.60908508300781,173.32516479492188,142.03868103027344,273.40289306640625
2025-08-18,642.1546020507812,71.71745300292969,66.05000305175781,63.77337646484375,172.94247436523438,140.79515075683594,272.1167297363281
2025-08-19,638.7569580078125,71.85433959960938,64.19000244140625,64.32423400878906,174.46337890625,143.31182861328125,272.9941101074219
2025-08-20,637.048095703125,71.90321350097656,64.9000015258789,65.30996704101562,175.48385620117188,143.71646118164062,278.8568115234375
2025-08-21,634.5346069335938,71.72724151611328,63.689998626708984,65.40660858154297,175.57217407226562,143.96319580078125,277.9993591308594
2025-08-22,644.2706909179688,72.0889663696289,66.25,65.39694213867188,175.9254150390625,144.28887939453125,276.8726806640625
2025-08-25,641.4293823242188,71.99119567871094,62.880001068115234,64.79777526855469,175.0619354248047,142.51239013671875,273.6023254394531
2025-08-26,644.0322875976562,72.07919311523438,63.099998474121094,64.21792602539062,174.44911193847656,142.0682830810547,271.19940185546875
2025-08-27,645.562255859375,72.14761352539062,63.650001525878906,64.17926788330078,174.74562072753906,142.8578338623047,272.2463073730469
2025-08-28,647.886962890625,72.23560333251953,63.58000183105469,64.18892669677734,173.421142578125,141.06161499023438,272.44573974609375
2025-08-29,644.0918579101562,72.14761352539062,61.439998626708984,64.95240020751953,175.12123107910156,141.634033203125,274.2603759765625
2025-09-02,639.223876953125,71.9936294555664,62.970001220703125,64.87507629394531,176.00094604492188,139.56149291992188,275.9952392578125
2025-09-03,642.6613159179688,72.2290267944336,63.77000045776367,64.39187622070312,175.94163513183594,138.8607635498047,277.4010925292969
2025-09-04,647.9564819335938,72.50366973876953,62.349998474121094,64.35321807861328,176.69285583496094,139.7194061279297,279.05621337890625
2025-09-05,646.2278442382812,72.8469467163086,63.41999816894531,64.31456756591797,176.3666534423828,141.72286987304688,276.5635681152344
2025-09-08,647.8671264648438,73.08235168457031,63.70000076293945,63.560760498046875,176.0701446533203,138.18966674804688,276.6533203125
2025-09-09,649.3572998046875,72.9450454711914,63.220001220703125,63.9666633605957,174.91368103027344,138.25875854492188,276.1747131347656
2025-09-10,651.2151489257812,73.07254791259766,64.52999877929688,64.00531768798828,173.7572021484375,136.6895294189453,276.6333923339844
2025-09-11,656.6395263671875,73.2294921875,65.02999877929688,64.13094329833984,176.43585205078125,137.80477905273438,282.057373046875
2025-09-12,656.4109497070312,73.1412124633789,66.37999725341797,64.41120910644531,176.00094604492188,137.45933532714844,277.2914123535156
2025-09-15,659.8385009765625,73.27852630615234,65.5,63.723785400390625,175.34857177734375,135.78155517578125,273.5225524902344
2025-09-16,658.9666137695312,73.28833770751953,66.37000274658203,63.64522171020508,174.41946411132812,134.46893310546875,271.2193298339844
2025-09-17,658.2391967773438,73.16081237792969,65.66999816894531,64.3326416015625,175.15089416503906,134.31103515625,271.44866943359375
2025-09-18,661.358154296875,72.9744644165039,66.75,62.79085922241211,172.14605712890625,133.6201934814453,273.4726867675781
2025-09-19,664.5169677734375,73.00389099121094,65.37000274658203,63.723785400390625,174.152587890625,133.2945098876953,273.0838623046875
2025-09-22,667.7156372070312,72.8665771484375,63.650001525878906,62.6435546875,172.1954803466797,133.28463745117188,272.19647216796875
2025-09-23,664.1482543945312,73.0136947631836,63.40999984741211,63.70414733886719,174.53805541992188,135.38677978515625,275.0879211425781
2025-09-24,661.9161987304688,72.8665771484375,64.41999816894531,63.959468841552734,174.6468048095703,134.62686157226562,277.4410095214844
2025-09-25,658.8869018554688,72.7881088256836,62.099998474121094,64.01839447021484,175.6747589111328,133.333984375,277.4808654785156
2025-09-26,662.5439453125,72.7881088256836,61.939998626708984,64.52904510498047,177.6318817138672,134.5775146484375,279.86383056640625
2025-09-29,664.4073486328125,72.9744644165039,64.97000122070312,64.4897689819336,179.519775390625,135.2486114501953,278.7371520996094
2025-09-30,666.9383544921875,72.9450454711914,65.0,64.87275695800781,183.2758331298828,137.37051391601562,281.41925048828125
2025-10-01,669.469482421875,73.12903594970703,66.73999786376953,65.09862518310547,183.8985595703125,134.2913055419922,280.58172607421875
2025-10-02,670.1270751953125,73.207763671875,68.7699966430664,64.56832885742188,183.82936096191406,133.8175811767578,280.5418395996094
2025-10-03,670.04736328125,73.11920166015625,69.80999755859375,64.54869079589844,186.45860290527344,135.94932556152344,283.12420654296875
2025-10-06,672.5086669921875,72.9519271850586,71.29000091552734,64.19515991210938,185.98416137695312,137.123779296875,285.54705810546875
2025-10-07,670.04736328125,73.08967590332031,69.12999725341797,65.45215606689453,186.70570373535156,140.64710998535156,288.388671875
2025-10-08,674.0332641601562,73.08967590332031,70.05999755859375,64.24425506591797,187.49647521972656,139.18646240234375,286.2549743652344
2025-10-09,672.1400146484375,73.04048156738281,68.73999786376953,64.53887176513672,188.87039184570312,139.20620727539062,283.49310302734375
2025-10-10,653.8846435546875,73.32583618164062,66.19999694824219,65.34413146972656,188.51455688476562,141.1109619140625,282.177001953125
2025-10-13,663.8792114257812,73.44390869140625,65.80999755859375,63.7827033996582,188.6924591064453,137.80477905273438,281.69842529296875
2025-10-14,663.1318359375,73.55215454101562,63.90999984741211,64.22462463378906,188.64305114746094,139.70953369140625,283.792236328125
2025-10-15,665.9219970703125,73.5029525756836,63.16999816894531,63.70414733886719,188.9593505859375,140.66685485839844,277.4908447265625
2025-10-16,661.6371459960938,73.77847290039062,61.43000030517578,63.10511016845703,189.8983612060547,141.33798217773438,267.4405212402344
2025-10-17,665.3340454101562,73.68006896972656,60.470001220703125,63.88091278076172,190.9856414794922,141.93011474609375,267.4205627441406
2025-10-20,672.2097778320312,73.77847290039062,62.93000030517578,63.242591857910156,191.4798583984375,143.52894592285156,267.4106140136719
2025-10-21,672.05029296875,73.86701965332031,63.4900016784668,62.60427474975586,189.66114807128906,142.27554321289062,268.4674987792969
2025-10-22,668.7918090820312,73.86701965332031,61.209999084472656,63.27205276489258,190.70889282226562,141.85116577148438,275.7060852050781
2025-10-23,672.58837890625,73.71941375732422,62.560001373291016,63.40953826904297,190.2443084716797,140.71620178222656,282.1072082519531
2025-10-24,678.1188354492188,73.81781768798828,62.83000183105469,63.50773620605469,188.1982421875,139.73915100097656,281.11016845703125
2025-10-27,686.1702880859375,73.857177734375,65.27999877929688,62.59445571899414,188.0994110107422,136.1862030029297,280.8509216308594
2025-10-28,687.9041748046875,73.89654541015625,64.48999786376953,62.14271926879883,184.76837158203125,133.0477752685547,274.76885986328125
2025-10-29,688.2728881835938,73.53247833251953,62.75,60.856266021728516,184.44219970703125,128.35984802246094,277.1817626953125
2025-10-30,680.8192138671875,73.40454864501953,60.400001525878906,56.10325241088867,186.86386108398438,125.04378509521484,277.2415771484375
2025-10-31,682.8121337890625,73.38488006591797,62.29999923706055,55.366729736328125,186.68594360351562,126.75115966796875,276.1248779296875
2025-11-03,684.2670288085938,73.29998016357422,60.529998779296875,55.65151596069336,184.1061248779297,124.32332611083984,277.4310302734375
2025-11-04,676.4148559570312,73.33946228027344,57.18000030517578,56.2800178527832,184.69918823242188,126.4057388305664,284.8092346191406
2025-11-05,678.5073852539062,73.13215637207031,58.91999816894531,56.13270950317383,183.84913635253906,129.25796508789062,282.42626953125
2025-11-06,671.1434936523438,73.41844177246094,57.2599983215332,56.2407341003418,184.8079071044922,127.80717468261719,282.2168884277344
2025-11-07,671.9606323242188,73.37895202636719,58.880001068115234,56.9870719909668,184.4125518798828,129.12965393066406,286.7036437988281
2025-11-10,682.4036254882812,73.35920715332031,60.189998626708984,56.51570129394531,186.2312774658203,127.25450897216797,287.4015808105469
2025-11-11,683.7388916015625,73.56652069091797,58.349998474121094,57.36024475097656,191.58859252929688,128.3105010986328,291.559326171875
2025-11-12,684.2172241210938,73.53690338134766,57.59000015258789,57.0067138671875,192.14210510253906,128.0736541748047,294.0619201660156
2025-11-13,673.0667114257812,73.31971740722656,55.59000015258789,56.77103042602539,192.99217224121094,130.57469177246094,295.3481140136719
2025-11-14,672.9271850585938,73.21112823486328,53.474998474121094,57.14419937133789,193.664306640625,130.73361206054688,294.6202697753906
2025-11-17,666.6294555664062,73.2506103515625,52.099998474121094,57.08527755737305,197.2720947265625,131.78646850585938,294.7099914550781
2025-11-18,661.1090698242188,73.30984497070312,52.65999984741211,57.88071823120117,197.68724060058594,129.03514099121094,295.6971130371094
2025-11-19,663.6002197265625,73.28022766113281,50.72999954223633,57.5566520690918,200.168212890625,126.26392364501953,293.0947570800781
2025-11-20,653.4561767578125,73.38882446289062,48.959999084472656,57.13438034057617,200.72174072265625,127.26712036132812,295.4478454589844
2025-11-21,659.9431762695312,73.56652069091797,47.970001220703125,57.14419937133789,201.54212951660156,131.84608459472656,297.41204833984375
2025-11-24,669.6886596679688,73.69485473632812,50.56999969482422,56.29965591430664,203.6672821044922,130.6243438720703,294.9393310546875
2025-11-25,675.986328125,73.86268615722656,49.560001373291016,57.29150390625,205.57713317871094,129.51190185546875,296.8935546875
2025-11-26,680.6498413085938,73.94165802001953,51.029998779296875,57.63521194458008,206.46241760253906,128.9755401611328,297.0231628417969
2025-11-28,684.4563598632812,73.82319641113281,51.54999923706055,57.949459075927734,205.8258056640625,129.19406127929688,295.3082275390625
2025-12-01,681.2476806640625,73.53499603271484,48.5,58.077125549316406,204.254150390625,130.11778259277344,293.0150146484375
2025-12-02,682.4136352539062,73.60431671142578,51.66999816894531,57.76287841796875,204.333740234375,129.86947631835938,293.6331787109375
2025-12-03,684.8350219726562,73.71326446533203,52.7400016784668,57.36024475097656,204.2442169189453,130.08799743652344,294.1815490722656
2025-12-04,685.4229125976562,73.5746078491211,52.5099983215332,57.29150390625,201.40928649902344,128.0617218017578,293.7727966308594
2025-12-05,686.678466796875,73.4854736328125,50.689998626708984,56.94779586791992,200.8621826171875,128.6278839111328,294.1317138671875
2025-12-08,684.6357421875,73.37653350830078,51.52000045776367,57.06563949584961,200.5538330078125,127.59490203857422,296.35516357421875
2025-12-09,684.087646484375,73.3270263671875,52.849998474121094,57.13438034057617,198.90261840820312,127.28697967529297,300.3334045410156
2025-12-10,688.4821166992188,73.5448989868164,52.4900016784668,57.63521194458008,205.44781494140625,127.85314178466797,295.6672058105469
2025-12-11,690.146240234375,73.5448989868164,52.099998474121094,57.664676666259766,208.8994598388672,129.2139129638672,305.07940673828125
2025-12-12,682.7523803710938,73.3171157836914,51.20000076293945,57.69413375854492,210.46116638183594,130.66409301757812,307.56207275390625
2025-12-15,681.7360229492188,73.40625,48.65999984741211,58.02802276611328,213.03746032714844,133.22671508789062,311.68988037109375
2025-12-16,679.8400268554688,73.5448989868164,49.709999084472656,58.26371383666992,208.19322204589844,131.82620239257812,310.12451171875
2025-12-17,672.4099731445312,73.52509307861328,48.709999084472656,58.11640548706055,209.2177734375,133.10751342773438,312.0388488769531
2025-12-18,677.5,73.68110656738281,47.959999084472656,57.34060287475586,207.2084503173828,132.1241912841797,310.04473876953125
2025-12-19,683.489990234375,73.5718002319336,49.90999984741211,57.0263557434082,205.27871704101562,129.37283325195312,309.685791015625
2025-12-22,687.8300170898438,73.55191802978516,50.09000015258789,57.5566520690918,206.22369384765625,130.7832794189453,310.0347900390625
2025-12-23,690.969970703125,73.5419921875,49.650001525878906,57.69413375854492,204.69183349609375,129.86947631835938,312.3778381347656
2025-12-24,693.3900146484375,73.72085571289062,49.459999084472656,57.92000198364258,206.68125915527344,130.39590454101562,312.3977966308594
2025-12-26,693.27001953125,73.72085571289062,49.61000061035156,57.599998474121094,206.5320587158203,129.6708221435547,312.54736328125
2025-12-29,690.9099731445312,73.83015441894531,49.380001068115234,57.619998931884766,206.46241760253906,130.06813049316406,313.52447509765625
2025-12-30,689.9199829101562,73.80033874511719,49.83000183105469,57.77000045776367,205.81585693359375,130.24691772460938,313.21539306640625
2025-12-31,684.9400024414062,73.60160827636719,49.650001525878906,57.65999984741211,205.85565185546875,129.62115478515625,311.2013244628906
